﻿<DataObject comparison="Ordinal">
  <Section id="">
    <Subsections>
      <Section id="General">
        <Subsections />
        <Entries>
          <Entry key="ElapsedTime">
            <double>25.3094969</double>
          </Entry>
          <Entry key="StartedAt">
            <dateTime>2017-10-19T16:51:47.9886811+03:00</dateTime>
          </Entry>
          <Entry key="EndedAt">
            <dateTime>2017-10-19T16:52:13.298178+03:00</dateTime>
          </Entry>
          <Entry key="ReplayStatus">
            <LastReplayRunStatus>Passed</LastReplayRunStatus>
          </Entry>
          <Entry key="NumberOfReplayErrors">
            <int>0</int>
          </Entry>
          <Entry key="NumberOfReplayCriticalErrors">
            <int>0</int>
          </Entry>
          <Entry key="NumberOfCompilationErrors">
            <int>0</int>
          </Entry>
        </Entries>
      </Section>
    </Subsections>
    <Entries>
      <Entry key="Iterations">
        <int>3</int>
      </Entry>
    </Entries>
  </Section>
</DataObject>