<?xml version="1.0" encoding="utf-8"?>
<VugenScriptMetadata>
  <ScriptName>WebSynthetic</ScriptName>
  <Protocol>Web - HTTP/HTML</Protocol>
  <ActionFiles>
    <FileEntry Name="vuser_init.c" Filter="2" />
    <FileEntry Name="Action.c" Filter="2" />
    <FileEntry Name="vuser_end.c" Filter="2" />
  </ActionFiles>
  <GeneralFiles>
    <FileEntry Name="WebSynthetic.usr" Filter="4" />
    <FileEntry Name="default.cfg" Filter="4" />
    <FileEntry Name="default.usp" Filter="4" />
    <FileEntry Name="web_http_synthetic_stable_connections.prm" Filter="2" />
    <FileEntry Name="globals.h" Filter="2" />
    <FileEntry Name="num.dat" Filter="2" />
    <FileEntry Name="ScriptUploadMetadata.xml" Filter="2" />
    <FileEntry Name="Bookmarks.xml" Filter="2" />
    <FileEntry Name="Breakpoints.xml" Filter="2" />
    <FileEntry Name="CompilerLogMetadata.xml" Filter="2" />
    <FileEntry Name="ReplaySummaryReport.xml" Filter="2" />
    <FileEntry Name="UserTasks.xml" Filter="2" />
    <FileEntry Name="combined_WebSynthetic.c" Filter="2" />
    <FileEntry Name="pre_cci.c" Filter="2" />
    <FileEntry Name="8026455544.idx" Filter="1" />
    <FileEntry Name="logfile.log" Filter="1" />
    <FileEntry Name="mdrv.log" Filter="1" />
    <FileEntry Name="mdrv_cmd.txt" Filter="1" />
    <FileEntry Name="options.txt" Filter="1" />
    <FileEntry Name="output.bak" Filter="1" />
    <FileEntry Name="output.txt" Filter="1" />
    <FileEntry Name="ThumbnailsCache.tmp" Filter="1" />
    <FileEntry Name="WebSynthetic.c.pickle" Filter="1" />
    <FileEntry Name="WebSynthetic.ci" Filter="1" />
    <FileEntry Name="WebSynthetic.sdf" Filter="1" />
    <FileEntry Name="web_http_synthetic_stable_connections.prm.bak" Filter="1" />
    <FileEntry Name="result1\" Filter="1" />
  </GeneralFiles>
</VugenScriptMetadata>